{
  "best_k": 8,
  "centers": [
    [
      0.4103054702281952,
      0.6964368224143982,
      -1.123396396636963,
      -0.9516010880470276,
      0.8242958188056946,
      0.8493018746376038,
      0.12878215312957764,
      0.5535823702812195,
      -0.3551692068576813,
      -0.23351609706878662,
      0.847715437412262,
      -0.11208347976207733,
      0.22774653136730194,
      0.37470120191574097,
      0.5283702611923218,
      -0.9328931570053101,
      0.24348501861095428,
      -0.11800085008144379,
      0.17140862345695496,
      -0.4275030493736267,
      0.6829297542572021,
      0.9907819628715515,
      -0.3342073857784271,
      -0.08575610816478729,
      -0.5874387621879578,
      0.23820729553699493,
      -0.19130872189998627,
      -0.8764050006866455,
      -0.10443319380283356,
      -0.37993961572647095,
      0.018177304416894913,
      0.2300141453742981
    ],
    [
      -0.13351508975028992,
      -0.2444138526916504,
      -0.2003212422132492,
      0.7760889530181885,
      0.04992188513278961,
      0.17058227956295013,
      -0.30771949887275696,
      0.15676522254943848,
      0.27177464962005615,
      0.13806137442588806,
      -0.1918174922466278,
      -1.8561136722564697,
      -0.09637977182865143,
      0.24126192927360535,
      0.041219182312488556,
      0.20850870013237,
      0.21364684402942657,
      0.3544435501098633,
      -0.09097658842802048,
      0.08164030313491821,
      -0.26054584980010986,
      -0.48909440636634827,
      0.4158260226249695,
      0.22929996252059937,
      0.05376721918582916,
      -0.027680523693561554,
      -0.04750356823205948,
      0.21741090714931488,
      -0.1792028248310089,
      -1.4288347959518433,
      -0.14697128534317017,
      -0.6021642088890076
    ],
    [
      -0.20666107535362244,
      0.021215125918388367,
      -0.2150142937898636,
      -0.5073375701904297,
      -0.010696738958358765,
      0.2786468267440796,
      -0.21905606985092163,
      -0.7773268818855286,
      -0.8999847769737244,
      -0.04285286366939545,
      0.5485996007919312,
      0.21443083882331848,
      -0.7979124188423157,
      0.13576459884643555,
      -0.21571677923202515,
      -0.010400195606052876,
      -0.3038962781429291,
      0.02941802702844143,
      0.559001088142395,
      0.11983633041381836,
      -0.22727452218532562,
      -0.35346195101737976,
      0.4644315242767334,
      -0.24216493964195251,
      0.14915622770786285,
      -0.35608065128326416,
      -0.07195059210062027,
      0.33441200852394104,
      -0.517750084400177,
      -0.01218491792678833,
      0.2610781192779541,
      0.3026851415634155
    ],
    [
      0.04230496287345886,
      0.9675926566123962,
      1.024106502532959,
      -0.8600290417671204,
      -1.128576397895813,
      0.14955022931098938,
      0.7535035014152527,
      0.6426417827606201,
      0.25711941719055176,
      0.07528890669345856,
      0.2743651270866394,
      -0.2002156674861908,
      -1.6128697395324707,
      0.8668116331100464,
      -0.1788243055343628,
      0.9495140910148621,
      0.8869372606277466,
      -0.6206613779067993,
      0.23017820715904236,
      -0.45626336336135864,
      -0.29415541887283325,
      0.3566145598888397,
      0.11390341818332672,
      -0.39600831270217896,
      0.12362881004810333,
      0.20751893520355225,
      0.6284548044204712,
      0.09959062188863754,
      1.5409305095672607,
      0.02646331489086151,
      0.2922404408454895,
      1.2108076810836792
    ],
    [
      0.4676794111728668,
      0.5792893171310425,
      -0.332383394241333,
      1.2382290363311768,
      -0.05367276072502136,
      -0.31475740671157837,
      -0.1530749499797821,
      0.1217489242553711,
      -0.25345084071159363,
      -0.46739959716796875,
      1.6762075424194336,
      -0.0005658566951751709,
      0.343319296836853,
      -0.7214290499687195,
      0.13726462423801422,
      -0.18926870822906494,
      0.3723507523536682,
      0.47657695412635803,
      0.2574273943901062,
      -0.3177819848060608,
      -0.16061906516551971,
      -0.17106013000011444,
      -1.0410324335098267,
      -0.12356176972389221,
      0.1193031519651413,
      -0.014429617673158646,
      0.1439918428659439,
      0.21477320790290833,
      -0.3412742018699646,
      -1.6792606115341187,
      -0.396791011095047,
      -0.28710120916366577
    ],
    [
      -0.01378834992647171,
      -1.8787543773651123,
      0.17539063096046448,
      -0.08917617797851562,
      -1.308814525604248,
      0.4688020944595337,
      -0.0047865211963653564,
      0.8721467852592468,
      -0.2539154887199402,
      -0.20510056614875793,
      -0.7974488139152527,
      0.3853038549423218,
      0.7251079082489014,
      0.5003041625022888,
      0.1340598464012146,
      -0.00577505212277174,
      0.5551916360855103,
      -0.47929567098617554,
      -0.7588614821434021,
      -0.7529429197311401,
      1.1253604888916016,
      0.4995095729827881,
      -0.0509253591299057,
      0.5867584347724915,
      -0.7331828474998474,
      0.41178858280181885,
      0.20181535184383392,
      0.13732662796974182,
      0.14839132130146027,
      0.39882367849349976,
      -0.536407470703125,
      2.0545196533203125
    ],
    [
      -1.265665888786316,
      0.03506086766719818,
      -0.8040054440498352,
      1.6217734813690186,
      -0.43365249037742615,
      0.02184358239173889,
      -0.3206563889980316,
      0.1896601915359497,
      0.9400098323822021,
      0.15625806152820587,
      -0.4675731062889099,
      0.5978911519050598,
      -0.754990816116333,
      0.5761984586715698,
      -0.05552012100815773,
      0.45891451835632324,
      -0.4826997220516205,
      0.011152593418955803,
      -0.5301108360290527,
      0.08752420544624329,
      -0.04177078604698181,
      0.29343724250793457,
      -1.8724907636642456,
      -0.14684244990348816,
      -1.1680039167404175,
      -0.05859268456697464,
      -0.7666254043579102,
      -0.35674524307250977,
      0.5617201924324036,
      0.7811633348464966,
      0.5056921243667603,
      0.06683452427387238
    ],
    [
      0.07281024008989334,
      -0.7074715495109558,
      -0.03952108323574066,
      0.2890598177909851,
      -0.029203221201896667,
      -0.4138500392436981,
      -0.06878069788217545,
      -0.05375953018665314,
      -0.036025628447532654,
      0.046036675572395325,
      -0.4943845272064209,
      0.613348662853241,
      0.350477397441864,
      -0.22088518738746643,
      0.10665002465248108,
      -0.15278774499893188,
      0.3718932271003723,
      -0.09960329532623291,
      0.015200356021523476,
      -0.2195194810628891,
      0.42712754011154175,
      -0.03810980170965195,
      0.15720577538013458,
      -0.12054417282342911,
      -0.22885406017303467,
      0.13356807827949524,
      0.0757143646478653,
      -0.12727515399456024,
      -0.13424789905548096,
      0.4042700529098511,
      -0.2498127818107605,
      -0.6532728672027588
    ]
  ],
  "late_dph_min": 80.0,
  "late_event_count": 22000,
  "silhouette_scores": {
    "10": 0.08690817654132843,
    "11": 0.08166670054197311,
    "12": 0.08268479257822037,
    "4": 0.08444340527057648,
    "5": 0.09575837105512619,
    "6": 0.09621262550354004,
    "7": 0.10150295495986938,
    "8": 0.10620661079883575,
    "9": 0.08596915751695633
  }
}