{
  "best_k": 8,
  "centers": [
    [
      0.4103054702281952,
      0.696436882019043,
      -1.123396396636963,
      -0.9516012072563171,
      0.8242958188056946,
      0.8493018746376038,
      0.12878215312957764,
      0.5535823702812195,
      -0.35516923666000366,
      -0.23351606726646423,
      0.8477153778076172,
      -0.11208347976207733,
      0.22774656116962433,
      0.37470120191574097,
      0.5283702611923218,
      -0.9328931570053101,
      0.24348501861095428,
      -0.11800083518028259,
      0.17140862345695496,
      -0.42750298976898193,
      0.6829298138618469,
      0.9907820820808411,
      -0.33420735597610474,
      -0.08575610816478729,
      -0.5874387621879578,
      0.23820729553699493,
      -0.19130872189998627,
      -0.8764050006866455,
      -0.10443319380283356,
      -0.37993961572647095,
      0.018177304416894913,
      0.2300141155719757
    ],
    [
      -0.13351508975028992,
      -0.2444138526916504,
      -0.2003212422132492,
      0.7760889530181885,
      0.04992188513278961,
      0.17058227956295013,
      -0.30771952867507935,
      0.15676522254943848,
      0.27177461981773376,
      0.13806138932704926,
      -0.1918174922466278,
      -1.8561136722564697,
      -0.09637976437807083,
      0.24126195907592773,
      0.041219182312488556,
      0.20850870013237,
      0.21364684402942657,
      0.3544435501098633,
      -0.09097657352685928,
      0.0816403329372406,
      -0.26054584980010986,
      -0.48909446597099304,
      0.4158260226249695,
      0.22929993271827698,
      0.05376721918582916,
      -0.02768053114414215,
      -0.04750356450676918,
      0.21741093695163727,
      -0.1792028248310089,
      -1.4288347959518433,
      -0.14697127044200897,
      -0.6021642088890076
    ],
    [
      -0.20666104555130005,
      0.021215125918388367,
      -0.2150142788887024,
      -0.5073375701904297,
      -0.010696738958358765,
      0.2786468267440796,
      -0.21905606985092163,
      -0.7773268818855286,
      -0.8999847769737244,
      -0.042852867394685745,
      0.5485996007919312,
      0.21443085372447968,
      -0.7979123592376709,
      0.13576459884643555,
      -0.21571677923202515,
      -0.010400192812085152,
      -0.30389630794525146,
      0.02941802702844143,
      0.5590010285377502,
      0.11983633041381836,
      -0.22727452218532562,
      -0.35346195101737976,
      0.4644315838813782,
      -0.24216493964195251,
      0.14915622770786285,
      -0.35608065128326416,
      -0.07195059210062027,
      0.3344120383262634,
      -0.517750084400177,
      -0.012184932827949524,
      0.2610781192779541,
      0.3026851415634155
    ],
    [
      0.04230496287345886,
      0.9675926566123962,
      1.0241063833236694,
      -0.8600289225578308,
      -1.128576397895813,
      0.14955024421215057,
      0.7535035014152527,
      0.6426417827606201,
      0.25711941719055176,
      0.07528888434171677,
      0.2743651270866394,
      -0.2002156674861908,
      -1.6128697395324707,
      0.8668115735054016,
      -0.1788243055343628,
      0.9495140910148621,
      0.8869372606277466,
      -0.6206613779067993,
      0.23017820715904236,
      -0.45626336336135864,
      -0.294155478477478,
      0.3566145598888397,
      0.11390344798564911,
      -0.39600831270217896,
      0.12362881004810333,
      0.20751893520355225,
      0.6284547448158264,
      0.09959062188863754,
      1.5409305095672607,
      0.026463329792022705,
      0.2922404110431671,
      1.2108076810836792
    ],
    [
      0.4676794111728668,
      0.5792893767356873,
      -0.332383394241333,
      1.2382290363311768,
      -0.05367276072502136,
      -0.31475740671157837,
      -0.1530749499797821,
      0.12174893170595169,
      -0.25345084071159363,
      -0.46739956736564636,
      1.6762075424194336,
      -0.0005658566951751709,
      0.34331923723220825,
      -0.7214290499687195,
      0.13726462423801422,
      -0.18926870822906494,
      0.3723507523536682,
      0.47657695412635803,
      0.2574273943901062,
      -0.3177819848060608,
      -0.1606190949678421,
      -0.17106011509895325,
      -1.0410325527191162,
      -0.12356176972389221,
      0.11930318176746368,
      -0.014429617673158646,
      0.14399182796478271,
      0.21477320790290833,
      -0.3412742018699646,
      -1.6792607307434082,
      -0.3967910408973694,
      -0.28710120916366577
    ],
    [
      -0.013788357377052307,
      -1.8787543773651123,
      0.17539063096046448,
      -0.08917617797851562,
      -1.3088144063949585,
      0.4688021242618561,
      -0.0047865211963653564,
      0.872146725654602,
      -0.2539154887199402,
      -0.20510056614875793,
      -0.7974488139152527,
      0.3853038549423218,
      0.7251080274581909,
      0.5003042221069336,
      0.1340598464012146,
      -0.005775051657110453,
      0.5551916360855103,
      -0.47929567098617554,
      -0.7588614821434021,
      -0.7529429197311401,
      1.1253604888916016,
      0.4995095729827881,
      -0.0509253591299057,
      0.5867584347724915,
      -0.7331828474998474,
      0.41178858280181885,
      0.20181536674499512,
      0.1373266577720642,
      0.14839132130146027,
      0.39882367849349976,
      -0.536407470703125,
      2.0545196533203125
    ],
    [
      -1.265665888786316,
      0.03506086766719818,
      -0.8040053844451904,
      1.6217734813690186,
      -0.43365252017974854,
      0.02184358425438404,
      -0.3206563889980316,
      0.1896601915359497,
      0.9400099515914917,
      0.15625806152820587,
      -0.4675731658935547,
      0.597891092300415,
      -0.7549907565116882,
      0.576198399066925,
      -0.05552012100815773,
      0.45891451835632324,
      -0.4826997220516205,
      0.011152593418955803,
      -0.5301108956336975,
      0.08752420544624329,
      -0.04177078604698181,
      0.2934372127056122,
      -1.8724907636642456,
      -0.14684244990348816,
      -1.168003797531128,
      -0.05859268456697464,
      -0.7666254043579102,
      -0.356745183467865,
      0.5617201924324036,
      0.7811633348464966,
      0.5056920647621155,
      0.06683451682329178
    ],
    [
      0.07281025499105453,
      -0.7074715495109558,
      -0.03952108323574066,
      0.2890598475933075,
      -0.029203228652477264,
      -0.41384997963905334,
      -0.06878069788217545,
      -0.05375953018665314,
      -0.036025624722242355,
      0.046036675572395325,
      -0.4943845272064209,
      0.6133486032485962,
      0.35047733783721924,
      -0.22088521718978882,
      0.10665002465248108,
      -0.15278774499893188,
      0.3718932271003723,
      -0.09960328787565231,
      0.015200356021523476,
      -0.2195194810628891,
      0.42712754011154175,
      -0.03810980170965195,
      0.15720580518245697,
      -0.12054417282342911,
      -0.22885406017303467,
      0.13356806337833405,
      0.0757143646478653,
      -0.12727516889572144,
      -0.13424788415431976,
      0.40427011251449585,
      -0.2498127818107605,
      -0.6532728672027588
    ]
  ],
  "distance_scale": 4.631830215454102,
  "late_branch_distance_medians": {
    "0": 4.6190080642700195,
    "1": 4.1378254890441895,
    "2": 4.209683418273926,
    "3": 6.516085624694824,
    "4": 3.7975308895111084,
    "5": 3.748161792755127,
    "6": 4.027027606964111,
    "7": 3.8119850158691406
  },
  "late_dph_min": 80.0,
  "late_event_count": 22000,
  "silhouette_scores": {
    "10": 0.08690817654132843,
    "11": 0.08166670054197311,
    "12": 0.08268479257822037,
    "4": 0.08444340527057648,
    "5": 0.09575837105512619,
    "6": 0.09621262550354004,
    "7": 0.10150295495986938,
    "8": 0.10620661079883575,
    "9": 0.08596915751695633
  }
}